Class,Sensitivity,Specificity,Accuracy,MCC
0,1.0,1.0,,
1,0.75,0.8846153846153846,,
2,0.75,0.8846153846153846,,
Overall,,,0.8421052631578947,0.7625
